question_id,question,response,score
1,الموقع الجغرافي لبلاد المغرب,تقع الشمال الشرقي لقاره افريقيا علي سواحل البحر المتوسط والمحيط الاطلنطي,2
1,الموقع الجغرافي لبلاد المغرب,الشمال الشرقي لقاره افريقيا علي سواحل البحر المتوسط والمحيط الاطلنطي,2
1,الموقع الجغرافي لبلاد المغرب,علي سواحل البحر المتوسط والمحيط الاطلنطي,1
1,الموقع الجغرافي لبلاد المغرب,قاره افريقيا علي سواحل البحرالابيض المتوسط والمحيط الاطلنطي,2
1,الموقع الجغرافي لبلاد المغرب,تقع الشمال الشرقي لقاره افريقيا,1
1,الموقع الجغرافي لبلاد المغرب,قاره افريقيا,1
1,الموقع الجغرافي لبلاد المغرب,تتواجد قاره افريقيا,1
1,الموقع الجغرافي لبلاد المغرب,الشمال الشرقي لقاره افريقيا علي البحر المتوسط والمحيط الاطلنطي,2
1,الموقع الجغرافي لبلاد المغرب,قاره افريقيا علي ساحل البحر المتوسط,1
1,الموقع الجغرافي لبلاد المغرب,تقع الشمال الشرقي لقاره افريقيا علي ساحل المحيط الاطلنطي,2
1,الموقع الجغرافي لبلاد المغرب,تقع قاره افريقيا علي ساحل المحيط الاطلنطي,1
1,الموقع الجغرافي لبلاد المغرب,افريقيا,1
1,الموقع الجغرافي لبلاد المغرب,اسيا,0
1,الموقع الجغرافي لبلاد المغرب,اوروبا,0
1,الموقع الجغرافي لبلاد المغرب,تقع الجنوب الغربي لقاره افريقيا,0
1,الموقع الجغرافي لبلاد المغرب,الموقع الجغرافي لبلاد المغرب الشرقي لقاره افريقيا,2
1,الموقع الجغرافي لبلاد المغرب,تقع علي سواحل البحر المتوسط والمحيط الاطلنطي,2
1,الموقع الجغرافي لبلاد المغرب,تقع البحر المتوسط والمحيط الاطلنطي,1
1,الموقع الجغرافي لبلاد المغرب,تقع افريقيا علي البحر المتوسط والمحيط الاطلنطي,2
1,الموقع الجغرافي لبلاد المغرب,تقع امريكا,0
1,الموقع الجغرافي لبلاد المغرب,تقع الشمال قاره افريقيا علي سواحل البحر,1
1,الموقع الجغرافي لبلاد المغرب,تقع الشمال,0
1,الموقع الجغرافي لبلاد المغرب,الشمال,0
1,الموقع الجغرافي لبلاد المغرب,الشمال قاره افريقيا علي البحر المتوسط,1
1,الموقع الجغرافي لبلاد المغرب,الشمال الشرقي لافريقيا علي المحيط الاطلنطي,2
1,الموقع الجغرافي لبلاد المغرب,تقع الشمال الشرقي لقاره افريقيا علي سواحل البحر الاطلنطي,2
1,الموقع الجغرافي لبلاد المغرب,غرب قاره افريقيا علي البحر المتوسط,0
1,الموقع الجغرافي لبلاد المغرب,تقع علي سواحل المحيط الاطلنطي,1
1,الموقع الجغرافي لبلاد المغرب,علي سواحل المحيط الاطلنطي البحر المتوسط,2
1,الموقع الجغرافي لبلاد المغرب,تقع الشمال علي سواحل البحر المتوسط والمحيط الاطلنطي,1
1,الموقع الجغرافي لبلاد المغرب,تقع الشمال الشرقي لقاره افريقيا علي البحر المتوسط والمحيط الاطلنطي,2
1,الموقع الجغرافي لبلاد المغرب,الشمال قاره افريقيا علي سواحل,1
1,الموقع الجغرافي لبلاد المغرب,يقع المغرب شرق افريقيا علي سواحل البحر المتوسط والمحيط الاطلنطي,2
1,الموقع الجغرافي لبلاد المغرب,المغرب يقع شرق قاره افريقيا ويطل علي سواحل البحر المتوسط والمحيط الاطلنطي,2
1,الموقع الجغرافي لبلاد المغرب,يطل المغرب علي السواحل الشماليه الشرقيه لافريقيا ويقع البحر المتوسط والمحيط الاطلنطي,2
1,الموقع الجغرافي لبلاد المغرب,يحتل المغرب موقعا الجزء الشمالي الشرقي افريقيا ويطل علي البحر المتوسط والمحيط الاطلنطي,2
1,الموقع الجغرافي لبلاد المغرب,تقع الدوله المغربيه شرق افريقيا بجوار البحر المتوسط والمحيط الاطلنطي,2
1,الموقع الجغرافي لبلاد المغرب,الدوله المغربيه تقع شرق قاره افريقيا وتطل علي السواحل الشماليه للبحر المتوسط والمحيط الاطلنطي,2
1,الموقع الجغرافي لبلاد المغرب,المغرب يحتل موقعا الشمال الشرقي قاره افريقيا ويقع البحر المتوسط والمحيط الاطلنطي,2
1,الموقع الجغرافي لبلاد المغرب,الدوله المغربيه تحتل موقعا الجزء الشمالي الشرقي افريقيا وتطل علي البحر المتوسط والمحيط الاطلنطي,2
1,الموقع الجغرافي لبلاد المغرب,توجد دوله المغرب شرق افريقيا وتطل علي السواحل الشماليه للبحر المتوسط والمحيط الاطلنطي,2
1,الموقع الجغرافي لبلاد المغرب,المغرب يوجد الجزء الشمالي الشرقي قاره افريقيا ويطل علي البحر المتوسط والمحيط الاطلنطي,2
1,الموقع الجغرافي لبلاد المغرب,المغرب يقع الشمال الشرقي لافريقيا ويمتد علي سواحل البحر الابيض المتوسط والمحيط الاطلسي,2
1,الموقع الجغرافي لبلاد المغرب,الشمال الشرقي قاره افريقيا موقع المغرب وتحيط مياه البحر الابيض المتوسط والمحيط الاطلسي,2
1,الموقع الجغرافي لبلاد المغرب,بلد المغرب يتواجد الشمال الشرقي قاره افريقيا وتمتد سواحله علي البحر الابيض المتوسط والمحيط الاطلسي,2
1,الموقع الجغرافي لبلاد المغرب,المغرب بلد يمتد علي السواحل الشماليه الشرقيه لقاره افريقيا تتواجد مياه البحر الابيض المتوسط والمحيط الاطلسي,2
1,الموقع الجغرافي لبلاد المغرب,الشمال الشرقي لافريقيا موقع المغرب يقع علي سواحل البحر الابيض المتوسط والمحيط الاطلسي,2
1,الموقع الجغرافي لبلاد المغرب,المغرب بلد عربي يقع الشمال الشرقي لافريقيا يمتد علي سواحل البحر الابيض المتوسط والمحيط الاطلسي,2
1,الموقع الجغرافي لبلاد المغرب,بلد المغرب يوجد الشمال الشرقي افريقيا وتمتد سواحله علي البحر الابيض المتوسط والمحيط الاطلسي,2
1,الموقع الجغرافي لبلاد المغرب,الشمال الشرقي لافريقيا يضم المغرب يمتد علي سواحل البحر الابيض المتوسط والمحيط الاطلسي,2
1,الموقع الجغرافي لبلاد المغرب,المغرب بلد عربي يتمركز الشمال الشرقي قاره افريقيا تحيط مياه البحر الابيض المتوسط والمحيط الاطلسي,2
1,الموقع الجغرافي لبلاد المغرب,المغرب دوله عربيه تقع علي ساحل البحر الاطلسي غرب افريقيا,2
1,الموقع الجغرافي لبلاد المغرب,يقع المغرب غرب افريقيا ويحده المحيط الاطلسي الغرب,2
1,الموقع الجغرافي لبلاد المغرب,الشاطء الاطلسي المكان تقع المملكه المغربيه غرب قاره افريقيا,2
1,الموقع الجغرافي لبلاد المغرب,المغرب دوله توجد علي ساحل البحر الاطلسي غرب افريقياويمتد الي الشمال البحر المتوسط,2
1,الموقع الجغرافي لبلاد المغرب,المغرب دوله عربيه تقع علي ساحل البحر الاطلسي غرب افريقيا,2
1,الموقع الجغرافي لبلاد المغرب,بلاد المغرب دوله امريكا الجنوبيه,0
1,الموقع الجغرافي لبلاد المغرب,المغرب اسم لاحدي الجزر الواقعه المحيط الهادء,0
1,الموقع الجغرافي لبلاد المغرب,الموقع الجغرافي لبلاد المغرب قاره اسيا,0
1,الموقع الجغرافي لبلاد المغرب,المغرب اسم لاحدي الدول الاوروبيه,0
1,الموقع الجغرافي لبلاد المغرب,بلاد المغرب تقع قاره امريكا الشماليه,0
1,الموقع الجغرافي لبلاد المغرب,بلاد المغرب تقع المحيط الهندي,0
1,الموقع الجغرافي لبلاد المغرب,الموقع الجغرافي لبلاد المغرب قاره امريكا الجنوبيه,0
1,الموقع الجغرافي لبلاد المغرب,بلاد المغرب تقع قاره استراليا,0
1,الموقع الجغرافي لبلاد المغرب,بلاد المغرب تقع القطب الشمالي,0
1,الموقع الجغرافي لبلاد المغرب,الموقع الجغرافي لبلاد المغرب امريكا الجنوبيه,0
1,الموقع الجغرافي لبلاد المغرب,المغرب اسم لاحدي الجزر الواقعه المحيط الاطلسي,0
1,الموقع الجغرافي لبلاد المغرب,بلاد المغرب تقع قاره اوروبا,0
1,الموقع الجغرافي لبلاد المغرب,المغرب قلب الصحراء الكبري,0
1,الموقع الجغرافي لبلاد المغرب,المغرب جزء استراليا,0
1,الموقع الجغرافي لبلاد المغرب,المغرب جنوب امريكا الوسطي,0
1,الموقع الجغرافي لبلاد المغرب,المغرب القطب الجنوبي,0
1,الموقع الجغرافي لبلاد المغرب,بلاد المغرب تقع القطب الشمالي,0
1,الموقع الجغرافي لبلاد المغرب,الموقع الجغرافي لبلاد المغرب الصين,0
1,الموقع الجغرافي لبلاد المغرب,لاد المغرب تقع جنوب شرق اسيا,0
1,الموقع الجغرافي لبلاد المغرب,الموقع الجغرافي لبلاد المغرب الصين,0
1,الموقع الجغرافي لبلاد المغرب,بلاد المغرب تقع افريقيا الوسطي,0
1,الموقع الجغرافي لبلاد المغرب,بلاد المغرب تقع المحيط الاطلسي,0
1,الموقع الجغرافي لبلاد المغرب,الموقع الجغرافي لبلاد المغرب روسيا,0
1,الموقع الجغرافي لبلاد المغرب,الموقع الجغرافي لبلاد المغرب جزر البهاما,0
1,الموقع الجغرافي لبلاد المغرب,بلاد المغرب تقع امريكا,0
1,الموقع الجغرافي لبلاد المغرب,الموقع الجغرافي لبلاد المغرب جنوب افريقيا,0
1,الموقع الجغرافي لبلاد المغرب,الموقع الجغرافي لبلاد المغرب شرق افريقيا,0
1,الموقع الجغرافي لبلاد المغرب,بلاد المغرب تقع شرق اوروبا,0
1,الموقع الجغرافي لبلاد المغرب,الساحل الغربي لاستراليا,0
1,الموقع الجغرافي لبلاد المغرب,المحيط الهادي بالقرب جزر هاواي,0
1,الموقع الجغرافي لبلاد المغرب,قلب اوروبا بالقرب فرنسا,0
1,الموقع الجغرافي لبلاد المغرب,المغرب يقع غرب افريقيا علي الساحل الغربي للقاره الافريقيه,1
1,الموقع الجغرافي لبلاد المغرب,المغرب يقع منطقه المغرب العربي غرب افريقيا ويحده الشرق الجزاءر الغرب المحيط الاطلسي,2
1,الموقع الجغرافي لبلاد المغرب,المغرب يقع غرب افريقيا علي الساحل الغربي للقاره الافريقيه ويحده الشرق الجزاءر,2
1,الموقع الجغرافي لبلاد المغرب,المغرب يقع غرب افريقيا علي الساحل الغربي للقاره الافريقيه ويحده الشرق الجزاءر الغرب المحيط الاطلسي,2
1,الموقع الجغرافي لبلاد المغرب,المغرب يقع غرب قاره افريقيا علي ساحل البحر الاطلسي,1
1,الموقع الجغرافي لبلاد المغرب,قرب اسبانيا,1
1,الموقع الجغرافي لبلاد المغرب,الاطلسي والمتوسط,1
1,الموقع الجغرافي لبلاد المغرب,جنوب اوروبا,1
1,الموقع الجغرافي لبلاد المغرب,المغرب العربي,1
1,الموقع الجغرافي لبلاد المغرب,بجوار الجزاءر,1
1,الموقع الجغرافي لبلاد المغرب,يطل علي المحيط الاطلسي,1
1,الموقع الجغرافي لبلاد المغرب,يحده المحيط الاطلسي الغرب,1
1,الموقع الجغرافي لبلاد المغرب,يحده البحر الابيض المتوسط الشمال,1
1,الموقع الجغرافي لبلاد المغرب,المغرب يقع الزاويه الشماليه الغربيه افريقيا,1
1,الموقع الجغرافي لبلاد المغرب,المغرب يقع علي الساحل الشمالي للقاره الافريقيه,1
1,الموقع الجغرافي لبلاد المغرب,المغرب يقع القسم الشمالي قاره افريقيا,1
1,الموقع الجغرافي لبلاد المغرب,تقع بلاد المغرب افريقيا,1
1,الموقع الجغرافي لبلاد المغرب,تحده المحيط الاطلسي الغرب والمتوسط الشمال,1
1,الموقع الجغرافي لبلاد المغرب,المغرب يقع الجزاءر وموريتانيا,1
2,اين يوجد اكبر مسجد افريقيا الاسم الاشهر,المسجد الاعظم,0
2,اين يوجد اكبر مسجد افريقيا الاسم الاشهر,يوجد مسجد الحسن الثاني الدار البيضاء الاكبر افريقيا,2
2,اين يوجد اكبر مسجد افريقيا الاسم الاشهر,موجود اكبر مسجد افريقيا الدار البيضاء يعرف باسم مسجد الحسن الثاني,2
2,اين يوجد اكبر مسجد افريقيا الاسم الاشهر,المسجد الاكبر افريقيا يتواجد الدار البيضاء مشهور بلقب مسجد الحسن الثاني,2
2,اين يوجد اكبر مسجد افريقيا الاسم الاشهر,مسجد الحسن الثاني يقع الدار البيضاء الاكبر نوعه افريقيا,2
2,اين يوجد اكبر مسجد افريقيا الاسم الاشهر,الدار البيضاء الموقع يقع مسجد الحسن الثاني يعد الاكبر افريقيا,2
2,اين يوجد اكبر مسجد افريقيا الاسم الاشهر,مسجد الحسن الثاني يعد الاكبر افريقيا يقع الدار البيضاء,2
2,اين يوجد اكبر مسجد افريقيا الاسم الاشهر,الدار البيضاء الموقع يتواجد مسجد الحسن الثاني المسجد الاكبر افريقيا,2
2,اين يوجد اكبر مسجد افريقيا الاسم الاشهر,مسجد الحسن الثاني الموجود الدار البيضاء الاكبر نوعه افريقيا ويعرف باسم مسجد الحسن الثاني,2
2,اين يوجد اكبر مسجد افريقيا الاسم الاشهر,يتميز مسجد الحسن الثاني بانه الاكبر افريقيا ويقع الدار البيضاء,2
2,اين يوجد اكبر مسجد افريقيا الاسم الاشهر,يتواجد اكبر مسجد افريقيا الدار البيضاء ويتمتع بشهره كبيره اسم مسجد الحسن الثاني,2
2,اين يوجد اكبر مسجد افريقيا الاسم الاشهر,المسجد الاكبر افريقيا يتميز بوجوده الدار البيضاء ويطلق اسم مسجد الحسن الثاني,2
2,اين يوجد اكبر مسجد افريقيا الاسم الاشهر,موقع اكبر مسجد افريقيا يقع الدار البيضاء ويعرف بمسجد الحسن الثاني,2
2,اين يوجد اكبر مسجد افريقيا الاسم الاشهر,الحسن الثاني مسجد كبير افريقيا ويقع الدار البيضاء,2
2,اين يوجد اكبر مسجد افريقيا الاسم الاشهر,الدار البيضاء يوجد مسجد الحسن الثاني الشهير اكبر مسجد افريقيا,2
2,اين يوجد اكبر مسجد افريقيا الاسم الاشهر,اكبر مسجد افريقيا يقع الدار البيضاء معروف باسم مسجد الحسن الثاني,2
2,اين يوجد اكبر مسجد افريقيا الاسم الاشهر,يقع مسجد الحسن الثاني المغرب بالتحديد الدار البيضاء اكبر مسجد افريقيا,2
2,اين يوجد اكبر مسجد افريقيا الاسم الاشهر,مسجد الحسن الثاني اكبر مسجد افريقيا ويقع الدار البيضاء,2
2,اين يوجد اكبر مسجد افريقيا الاسم الاشهر,يعرف مسجد الحسن الثاني الدار البيضاء بانه اكبر مسجد افريقيا,2
2,اين يوجد اكبر مسجد افريقيا الاسم الاشهر,يقع مسجد الحسن الثاني الدار البيضاء المسجد الاكبر افريقيا,2
2,اين يوجد اكبر مسجد افريقيا الاسم الاشهر,يوجد المغرب وتحديدا الدار البيضاء اكبر مسجد افريقيا ويعرف باسم مسجد الحسن الثاني,2
2,اين يوجد اكبر مسجد افريقيا الاسم الاشهر,مسجد الحسن الثاني يقع الدار البيضاء المسجد الاكبر افريقيا,2
2,اين يوجد اكبر مسجد افريقيا الاسم الاشهر,المسجد الاكبر افريقيا مسجد الحسن الثاني ويقع الدار البيضاء,2
2,اين يوجد اكبر مسجد افريقيا الاسم الاشهر,يقع مسجد الحسن الثاني الدار البيضاء المغرب المسجد الاكبر افريقيا,2
2,اين يوجد اكبر مسجد افريقيا الاسم الاشهر,مسجد الحسن الثاني اكبر مسجد افريقيا ويعرف بشكل شاءع باسمه الدار البيضاء,2
2,اين يوجد اكبر مسجد افريقيا الاسم الاشهر,يوجد المغرب وبالتحديد الدار البيضاء مسجد الحسن الثاني يعتبر اكبر مسجد افريقيا,2
2,اين يوجد اكبر مسجد افريقيا الاسم الاشهر,المغرب يقع اكبر مسجد افريقيا الدار البيضاء مسجد الحسن الثاني,2
2,اين يوجد اكبر مسجد افريقيا الاسم الاشهر,اكبر مسجد افريقيا يوجد الدار البيضاء ويعرف بالمسجد الحسن الثاني,2
2,اين يوجد اكبر مسجد افريقيا الاسم الاشهر,المسجد الاكبر افريقيا موجود مدينه الدار البيضاء ومشهور باسم مسجد الحسن الثاني,2
2,اين يوجد اكبر مسجد افريقيا الاسم الاشهر,يتواجد اكبر جامع افريقيا مدينه الدار البيضاء ويلقب بمسجد الحسن الثاني,2
2,اين يوجد اكبر مسجد افريقيا الاسم الاشهر,الدار البيضاء مدينه اكبر مسجد افريقيا المشهور باسم مسجد الحسن الثاني,2
2,اين يوجد اكبر مسجد افريقيا الاسم الاشهر,موقع اكبر مسجد افريقيا مدينه الدار البيضاء ويسمي مسجد الحسن الثاني,2
2,اين يوجد اكبر مسجد افريقيا الاسم الاشهر,مسجد الحسن الثاني الاكبر افريقيا ويقع مدينه الدار البيضاء,2
2,اين يوجد اكبر مسجد افريقيا الاسم الاشهر,يقع اكبر مسجد افريقيا مدينه الدار البيضاء ويعرف باسم مسجد الحسن الثاني,2
2,اين يوجد اكبر مسجد افريقيا الاسم الاشهر,مدينه الدار البيضاء يوجد اكبر مسجد افريقيا المعروف باسم مسجد الحسن الثاني,2
2,اين يوجد اكبر مسجد افريقيا الاسم الاشهر,اكبر مسجد افريقيا يوجد الدار البيضاء ويعرف بالمسجد الحسن الثاني,2
2,اين يوجد اكبر مسجد افريقيا الاسم الاشهر,المسجد الكبير افريقيا يتواجد الدار البيضاء ويشهر بالمسجد الحسن الثاني,2
2,اين يوجد اكبر مسجد افريقيا الاسم الاشهر,مسجد الحسن الثاني يقع مدينه الدار البيضاء الاكبر افريقيا,2
2,اين يوجد اكبر مسجد افريقيا الاسم الاشهر,يقع اكبر مسجد افريقيا الدار البيضاء ويعرف باسم مسجد الحسن الثاني,2
2,اين يوجد اكبر مسجد افريقيا الاسم الاشهر,مكان اكبر مسجد افريقيا الدار البيضاء معروف باسم مسجد الحسن الثاني,2
2,اين يوجد اكبر مسجد افريقيا الاسم الاشهر,المسجد الاكبر افريقيا يقع الدار البيضاء ويطلق مسمي مسجد الحسن الثاني,2
2,اين يوجد اكبر مسجد افريقيا الاسم الاشهر,يقع مسجد الحسن الثاني مدينه الدار البيضاء اكبر مسجد افريقيا,2
2,اين يوجد اكبر مسجد افريقيا الاسم الاشهر,المغرب ويعرف بمسجد الحسن الثاني,1
2,اين يوجد اكبر مسجد افريقيا الاسم الاشهر,يتواجد دوله المغرب ويعرف باسم المسجد الكبير,1
2,اين يوجد اكبر مسجد افريقيا الاسم الاشهر,يوجد افريقيا ومسمي بمسجد الحسن الثاني,1
2,اين يوجد اكبر مسجد افريقيا الاسم الاشهر,الدار البيضاء المدينه يقع اكبر مسجد افريقيا,1
2,اين يوجد اكبر مسجد افريقيا الاسم الاشهر,المسجد الاكبر افريقيا يقع الدار البيضاء,1
2,اين يوجد اكبر مسجد افريقيا الاسم الاشهر,يتواجد اكبر مسجد افريقيا مدينه الدار البيضاء,1
2,اين يوجد اكبر مسجد افريقيا الاسم الاشهر,مكان اكبر مسجد افريقيا الدار البيضاء,1
2,اين يوجد اكبر مسجد افريقيا الاسم الاشهر,الدار البيضاء المدينه يقع اكبر مسجد افريقيا,1
2,اين يوجد اكبر مسجد افريقيا الاسم الاشهر,يقع اكبر مسجد افريقيا مدينه الدار البيضاء,1
2,اين يوجد اكبر مسجد افريقيا الاسم الاشهر,المسجد الاكبر افريقيا يقع مدينه الدار البيضاء بالمغرب,1
2,اين يوجد اكبر مسجد افريقيا الاسم الاشهر,الدار البيضاء الموقع يتواجد اكبر مسجد افريقيا,1
2,اين يوجد اكبر مسجد افريقيا الاسم الاشهر,مدينه الدار البيضاء الموقع يقع اكبر مسجد افريقيا,1
2,اين يوجد اكبر مسجد افريقيا الاسم الاشهر,اكبر مسجد افريقيا يقع مدينه الدار البيضاء المغربيه,1
2,اين يوجد اكبر مسجد افريقيا الاسم الاشهر,اكبر مسجد افريقيا يقع مدينه الدار البيضاء المغربيه,1
2,اين يوجد اكبر مسجد افريقيا الاسم الاشهر,يقع اكبر مسجد افريقيا العاصمه الاقتصاديه للمغرب الدار البيضاء,1
2,اين يوجد اكبر مسجد افريقيا الاسم الاشهر,مكان اكبر مسجد افريقيا مدينه الدار البيضاء بالمغرب,1
2,اين يوجد اكبر مسجد افريقيا الاسم الاشهر,الدار البيضاء الموقع يتواجد المسجد الاكبر افريقيا,1
2,اين يوجد اكبر مسجد افريقيا الاسم الاشهر,اكبر مسجد افريقيا يتواجد الدار البيضاء بالمغرب,1
2,اين يوجد اكبر مسجد افريقيا الاسم الاشهر,المسجد الاكبر افريقيا يقع مدينه الدار البيضاء بالمغرب العربي,1
2,اين يوجد اكبر مسجد افريقيا الاسم الاشهر,الدار البيضاء المدينه يوجد اكبر مسجد افريقيا,1
2,اين يوجد اكبر مسجد افريقيا الاسم الاشهر,مسجد الحسن الثاني,1
2,اين يوجد اكبر مسجد افريقيا الاسم الاشهر,مسجد الدار البيضاء الكبير,1
2,اين يوجد اكبر مسجد افريقيا الاسم الاشهر,مسجد الملك الحسن الثاني,1
2,اين يوجد اكبر مسجد افريقيا الاسم الاشهر,جامع الحسن الثاني,1
2,اين يوجد اكبر مسجد افريقيا الاسم الاشهر,مسجد الحسن الثاني الشهير,1
2,اين يوجد اكبر مسجد افريقيا الاسم الاشهر,جامع الحسن الثاني الكبير,1
2,اين يوجد اكبر مسجد افريقيا الاسم الاشهر,مسجد الحسن الثاني بشمال افريقيا,1
2,اين يوجد اكبر مسجد افريقيا الاسم الاشهر,مسجد الحسن الثاني الشامخ,1
2,اين يوجد اكبر مسجد افريقيا الاسم الاشهر,مسجد الحسن الثاني الراءع المغرب,2
2,اين يوجد اكبر مسجد افريقيا الاسم الاشهر,مسجد الحسن الثاني اسم اشهر مسجد افريقيا,1
2,اين يوجد اكبر مسجد افريقيا الاسم الاشهر,مسجد الحسن الثاني يعد اكبر مسجد افريقيا,1
2,اين يوجد اكبر مسجد افريقيا الاسم الاشهر,يقع مدينه فاس,0
2,اين يوجد اكبر مسجد افريقيا الاسم الاشهر,مسجد السلام الكبير تونس,0
2,اين يوجد اكبر مسجد افريقيا الاسم الاشهر,المسجد الاكبر افريقيا يقع الجزاءر,0
2,اين يوجد اكبر مسجد افريقيا الاسم الاشهر,يقع مدينه الرباط المغرب,0
2,اين يوجد اكبر مسجد افريقيا الاسم الاشهر,مسجد النور مدينه الجزاءر العاصمه,0
2,اين يوجد اكبر مسجد افريقيا الاسم الاشهر,يقع مدينه تطوان المغرب,0
2,اين يوجد اكبر مسجد افريقيا الاسم الاشهر,مسجد الامام الحسين تونس,0
2,اين يوجد اكبر مسجد افريقيا الاسم الاشهر,المسجد الاكبر افريقيا مسجد فاطمه الزهراء المغرب,0
2,اين يوجد اكبر مسجد افريقيا الاسم الاشهر,مسجد الشيخ زايد الامارات العربيه المتحده,0
2,اين يوجد اكبر مسجد افريقيا الاسم الاشهر,مسجد الامير مولاي عبد الله المغرب,0
2,اين يوجد اكبر مسجد افريقيا الاسم الاشهر,يقع مدينه صنعاء اليمن,0
2,اين يوجد اكبر مسجد افريقيا الاسم الاشهر,مسجد الحرام مكه المكرمه,0
2,اين يوجد اكبر مسجد افريقيا الاسم الاشهر,يقع المغرب العربي ويسمي مسجد الحكمه الكبير,0
2,اين يوجد اكبر مسجد افريقيا الاسم الاشهر,يقع مصر ويسمي مسجد الازهر الكبير,0
2,اين يوجد اكبر مسجد افريقيا الاسم الاشهر,يقع مصر ويسمي مسجد السلطان حسين كبير,0
2,اين يوجد اكبر مسجد افريقيا الاسم الاشهر,يقع تونس ويسمي مسجد الفتح الكبير,0
2,اين يوجد اكبر مسجد افريقيا الاسم الاشهر,يقع ليبيا ويسمي مسجد الخل,0
2,اين يوجد اكبر مسجد افريقيا الاسم الاشهر,يقع موريتانيا ويدعي مسجد السلام,0
2,اين يوجد اكبر مسجد افريقيا الاسم الاشهر,يقع السودان ويدعي مسجد الملك فهد,0
2,اين يوجد اكبر مسجد افريقيا الاسم الاشهر,يقع الصومال ويدعي مسجد الشيخ عمر عبد الرحمن,0
2,اين يوجد اكبر مسجد افريقيا الاسم الاشهر,يقع الجزاءر العاصمه ويدعي مسجد الجامع الكبير,0
2,اين يوجد اكبر مسجد افريقيا الاسم الاشهر,يقع المسجد الاكبر افريقيا موريتانيا ويسمي مسجد التوحيد,0
2,اين يوجد اكبر مسجد افريقيا الاسم الاشهر,المسجد الاكبر افريقيا يقع الجزاءر الشرقيه ويسمي مسجد الشهيد,0
2,اين يوجد اكبر مسجد افريقيا الاسم الاشهر,يقع موريتانيا ويسمي مسجد المرابطون,0
2,اين يوجد اكبر مسجد افريقيا الاسم الاشهر,يقع الجزاءر العاصمه ويسمي مسجد الامير عبد القادر,0
2,اين يوجد اكبر مسجد افريقيا الاسم الاشهر,يقع الرباط المغرب ويسمي مسجد الحسن الثالث,0
2,اين يوجد اكبر مسجد افريقيا الاسم الاشهر,يقع تونس ويسمي مسجد الزيتونه,0
2,اين يوجد اكبر مسجد افريقيا الاسم الاشهر,يقع السودان العاصمه ويسمي مسجد السلام,0
2,اين يوجد اكبر مسجد افريقيا الاسم الاشهر,مدينه طنجه,0
2,اين يوجد اكبر مسجد افريقيا الاسم الاشهر,جبل طارق,0
2,اين يوجد اكبر مسجد افريقيا الاسم الاشهر,مدينه الناظور,0
2,اين يوجد اكبر مسجد افريقيا الاسم الاشهر,مدينه الجديده,0
2,اين يوجد اكبر مسجد افريقيا الاسم الاشهر,مدينه مراكش,0
2,اين يوجد اكبر مسجد افريقيا الاسم الاشهر,مسجد الشرق السودان,0
2,اين يوجد اكبر مسجد افريقيا الاسم الاشهر,مسجد العزيز بالله المغرب,0
2,اين يوجد اكبر مسجد افريقيا الاسم الاشهر,مسجد الايمان واليقين المغرب,0
2,اين يوجد اكبر مسجد افريقيا الاسم الاشهر,مسجد النبي السعوديه,0
2,اين يوجد اكبر مسجد افريقيا الاسم الاشهر,مسجد الفجر المغرب,0
2,اين يوجد اكبر مسجد افريقيا الاسم الاشهر,مسجد الحكمه تونس,0
2,اين يوجد اكبر مسجد افريقيا الاسم الاشهر,مسجد الحسين الاردن,0
2,اين يوجد اكبر مسجد افريقيا الاسم الاشهر,مسجد الشيخ زايد الامارات العربيه المتحده,0
2,اين يوجد اكبر مسجد افريقيا الاسم الاشهر,مسجد القاءم ايران,0
2,اين يوجد اكبر مسجد افريقيا الاسم الاشهر,يعرف بمسجد الحسن الثاني,1
2,اين يوجد اكبر مسجد افريقيا الاسم الاشهر,اكبر مسجد افريقيا يقع المغرب,1
2,اين يوجد اكبر مسجد افريقيا الاسم الاشهر,المسجد الحسن الثاني الاسم الاشهر لاكبر مسجد افريقيا,1
2,اين يوجد اكبر مسجد افريقيا الاسم الاشهر,يقع اكبر مسجد افريقيا مدينه الدار البيضاء بالمغرب,1
2,اين يوجد اكبر مسجد افريقيا الاسم الاشهر,يحمل اسم المسجد الحسن الثاني,1
2,اين يوجد اكبر مسجد افريقيا الاسم الاشهر,يقع مدينه الدار البيضاء بالمغرب,1
2,اين يوجد اكبر مسجد افريقيا الاسم الاشهر,الدار البيضاء تضم اكبر مسجد افريقيا,1
3,اقدم جامعه العالم واين توجد,اقدم جامعه العالم جامعه القرويين وتقع المغرب,2
3,اقدم جامعه العالم واين توجد,الجامعه الاقدم العالم تسمي جامعه القرويين وتوجد دوله المغرب,2
3,اقدم جامعه العالم واين توجد,جامعه القرويين الجامعه الاقدم العالم وتوجد المغرب,2
3,اقدم جامعه العالم واين توجد,تقع جامعه القرويين المغرب وهي الجامعه الاقدم العالم,2
3,اقدم جامعه العالم واين توجد,القرويين اقدم جامعه العالم وتتواجد المغرب,2
3,اقدم جامعه العالم واين توجد,توجد اقدم جامعه العالم المغرب وهي جامعه القرويين,2
3,اقدم جامعه العالم واين توجد,جامعه القرويين الجامعه الاقدم العالم وتقع دوله المغرب,2
3,اقدم جامعه العالم واين توجد,المغرب الموطن لاقدم جامعه العالم جامعه القرويين,2
3,اقدم جامعه العالم واين توجد,جامعه القرويين المغرب الاقدم العالم,2
3,اقدم جامعه العالم واين توجد,جامعه القرويين الجامعه الاولي تاسست العالم وتوجد المغرب,2
3,اقدم جامعه العالم واين توجد,المغرب توجد اقدم جامعه العالم وهي جامعه القرويين,2
3,اقدم جامعه العالم واين توجد,تاسست جامعه القرويين المغرب وهي اقدم جامعه العالم,2
3,اقدم جامعه العالم واين توجد,جامعه القرويين دوله المغرب,2
3,اقدم جامعه العالم واين توجد,الجامعه الاقدم تاسيسا جامعه القرويين وتقع بلد دوله المغرب,2
3,اقدم جامعه العالم واين توجد,جامعه القرويين الجامعه الاكثر قدما العالم وتقع المملكه المغربيه,2
3,اقدم جامعه العالم واين توجد,تاسست جامعه القرويين المغرب وهي الجامعه الاقدم العالم,2
3,اقدم جامعه العالم واين توجد,دوله المغرب توجد جامعه القرويين وهي الجامعه الاقدم العالم,2
3,اقدم جامعه العالم واين توجد,المغرب الدوله يوجد جامعه القرويين وهي الجامعه الاقدم العالم,2
3,اقدم جامعه العالم واين توجد,تاسست جامعه القرويين دوله المغرب وتعتبر الجامعه الاقدم التاريخ,2
3,اقدم جامعه العالم واين توجد,جامعه القرويين وتقع المملكه المغربيه,2
3,اقدم جامعه العالم واين توجد,تقع جامعه القرويين المغرب وتعتبر اقدم جامعه التاريخ,2
3,اقدم جامعه العالم واين توجد,بلد دوله المغرب توجد جامعه القرويين تعتبر اقدم جامعه العالم,2
3,اقدم جامعه العالم واين توجد,جامعه القرويين وتقع المغرب,2
3,اقدم جامعه العالم واين توجد,جامعه القرويين المغرب,2
3,اقدم جامعه العالم واين توجد,مدينه فاس المغرب وتسمي جامعه القرويين,2
3,اقدم جامعه العالم واين توجد,جامعه القرويين فاس بالمغرب,2
3,اقدم جامعه العالم واين توجد,مدينه فاس المغربيه وهي جامعه القرويين,2
3,اقدم جامعه العالم واين توجد,جامعه القرويين قلب مدينه فاس بالمغرب,2
3,اقدم جامعه العالم واين توجد,جامعه القرويين فاس المغربيه,2
3,اقدم جامعه العالم واين توجد,جامعه القرويين تقع مدينه فاس,2
3,اقدم جامعه العالم واين توجد,توجد جامعه القرويين مدينه فاس,2
3,اقدم جامعه العالم واين توجد,مدينه فاس المغرب تضم جامعه قديمه تسمي جامعه القرويين,2
3,اقدم جامعه العالم واين توجد,جامعه القرويين مدينه فاس بالمغرب,2
3,اقدم جامعه العالم واين توجد,جامعه القرويين مدينه فاس,2
3,اقدم جامعه العالم واين توجد,اول جامعه العالم تاسست فاس بالمغرب,1
3,اقدم جامعه العالم واين توجد,اول جامعه العالم تاسست فاس بالمغرب,1
3,اقدم جامعه العالم واين توجد,فاس المغرب,1
3,اقدم جامعه العالم واين توجد,القرويين وتقع المملكه المغربيه,2
3,اقدم جامعه العالم واين توجد,جامعه القرويين تقع دوله المغرب,2
3,اقدم جامعه العالم واين توجد,توجد جامعه القرويين المغرب وهي الجامعه الاقدم التاريخ,2
3,اقدم جامعه العالم واين توجد,جامعه القرويين تقع دوله المغرب,2
3,اقدم جامعه العالم واين توجد,جامعه القرويين وهي موجوده المملكه المغربيه,2
3,اقدم جامعه العالم واين توجد,جامعه القرويين المملكه المغربيه,2
3,اقدم جامعه العالم واين توجد,اكبر جامعه تاسست العالم جامعه القرويين وهي تقع دوله المغرب,2
3,اقدم جامعه العالم واين توجد,جامعهالقرويين تاسست المملكه المغربيه,2
3,اقدم جامعه العالم واين توجد,جامعه القرويين تقع دوله المغرب,2
3,اقدم جامعه العالم واين توجد,المملكه المغربيه موطن جامعه القرويين والتي تعد اقدم جامعه العالم,2
3,اقدم جامعه العالم واين توجد,جامعه القرويين تاسست المغرب,2
3,اقدم جامعه العالم واين توجد,جامعه القرويين اقدم جامعه العالم وتقع المغرب,2
3,اقدم جامعه العالم واين توجد,جامعه القرويين المغرب وهي اول جامعه التاريخ,2
3,اقدم جامعه العالم واين توجد,جامعه القرويين المغرب,2
3,اقدم جامعه العالم واين توجد,جامعه القرويين اول جامعه التاريخ وتقع المملكه المغربيه,2
3,اقدم جامعه العالم واين توجد,القرويين جامعه مغربيه,2
3,اقدم جامعه العالم واين توجد,تتواجد جامعه القرويين المملكه المغربيه وهي اول جامعه التاريخ,2
3,اقدم جامعه العالم واين توجد,دوله المغرب تقع جامعه القرويين تعد الاقدم التاريخ,2
3,اقدم جامعه العالم واين توجد,جامعه القرويين المملكه المغربيه,2
3,اقدم جامعه العالم واين توجد,القرويين اول جامعه التاريخ وتقع المملكه المغربيه,2
3,اقدم جامعه العالم واين توجد,الجامعه القرويين اول مءسسه تعليميه جامعه التاريخ,1
3,اقدم جامعه العالم واين توجد,الجامعه القرويين كانت الجامعه الاولي,1
3,اقدم جامعه العالم واين توجد,الجامعه القرويين تعد اقدم مءسسه جامعيه العالم,1
3,اقدم جامعه العالم واين توجد,الجامعه القرويين كانت اول جامعه تاسست العالم,1
3,اقدم جامعه العالم واين توجد,الجامعه القرويين,1
3,اقدم جامعه العالم واين توجد,القرويين,1
3,اقدم جامعه العالم واين توجد,الجامعه الاولي العالم جامعه القرويين,1
3,اقدم جامعه العالم واين توجد,تاسست جامعه القرويين كاول جامعه التاريخ,1
3,اقدم جامعه العالم واين توجد,تعتبر جامعه القرويين الاولي تاريخ الجامعات,1
3,اقدم جامعه العالم واين توجد,القرويين الجامعه الاولي تم تاسيسها علي مستوي العالم,1
3,اقدم جامعه العالم واين توجد,جامعه القرويين اول جامعه تاسست عبر التاريخ,1
3,اقدم جامعه العالم واين توجد,اول مءسسه تعليميه عاليه العالم جامعه القرويين,1
3,اقدم جامعه العالم واين توجد,الجامعه الاولي والاقدم التاريخ جامعه القرويين,1
3,اقدم جامعه العالم واين توجد,الجامعه الاولي علي مستوي العالم جامعه القرويين,1
3,اقدم جامعه العالم واين توجد,اول جامعه تاسست عبر التاريخ جامعه القرويين,1
3,اقدم جامعه العالم واين توجد,جامعه القرويين اقدم مءسسه تعليميه التاريخ,1
3,اقدم جامعه العالم واين توجد,اول مءسسه تعليميه العالم جامعه القرويين,1
3,اقدم جامعه العالم واين توجد,القرويين اول جامعه تم انشاءها العالم,1
3,اقدم جامعه العالم واين توجد,اول جامعه تاسست التاريخ جامعه القرويين,1
3,اقدم جامعه العالم واين توجد,جامعه القرويين اول جامعه تم تاسيسها,1
3,اقدم جامعه العالم واين توجد,القرويين المءسسه التعليميه الاولي التاريخ,1
3,اقدم جامعه العالم واين توجد,موجوده المغرب,1
3,اقدم جامعه العالم واين توجد,توجد بلد المغرب,1
3,اقدم جامعه العالم واين توجد,تتواجد دوله المغرب,1
3,اقدم جامعه العالم واين توجد,توجد قاره افريقيا وتحديدا المغرب,1
3,اقدم جامعه العالم واين توجد,تقع احد مدن المغرب,1
3,اقدم جامعه العالم واين توجد,توجد المدينه العتيقه فاس المغرب,1
3,اقدم جامعه العالم واين توجد,تقع مدينه فاس التاريخيه المغرب,1
3,اقدم جامعه العالم واين توجد,موجوده مدينه فاس القديمه المغرب,1
3,اقدم جامعه العالم واين توجد,تقع المنطقه القديمه فاس بالمغرب,1
3,اقدم جامعه العالم واين توجد,فاس بالمغرب,1
3,اقدم جامعه العالم واين توجد,مدينه فاس المغرب,1
3,اقدم جامعه العالم واين توجد,تقع مدينه فاس العتيقه المغرب,1
3,اقدم جامعه العالم واين توجد,موجوده فاس المغربيه,1
3,اقدم جامعه العالم واين توجد,متواجده مدينه فاس المغرب,1
3,اقدم جامعه العالم واين توجد,مدينه فاس,1
3,اقدم جامعه العالم واين توجد,مدينه فاس المغرب,1
3,اقدم جامعه العالم واين توجد,المغرب,1
3,اقدم جامعه العالم واين توجد,توجد المدينه القديمه لفاس,1
3,اقدم جامعه العالم واين توجد,تقع مدينه فاس بالمملكه المغربيه,1
3,اقدم جامعه العالم واين توجد,توجد اليابان,0
3,اقدم جامعه العالم واين توجد,جامعه الازهر مصر,0
3,اقدم جامعه العالم واين توجد,جامعه بولونيا ايطاليا,0
3,اقدم جامعه العالم واين توجد,جامعه الرياض المملكه العربيه السعوديه,0
3,اقدم جامعه العالم واين توجد,جامعه الفاتح تركيا وتقع مدينه اسطنبول,0
3,اقدم جامعه العالم واين توجد,جامعه الاندلس اسبانيا,0
3,اقدم جامعه العالم واين توجد,جامعه بغداد العراق,0
3,اقدم جامعه العالم واين توجد,جامعه الشرق الاوسط لبنان,0
3,اقدم جامعه العالم واين توجد,جامعه الجزيره السودان,0
3,اقدم جامعه العالم واين توجد,جامعه الصحراء المكسيك,0
3,اقدم جامعه العالم واين توجد,جامعه المشرقيه بريطانيا,0
3,اقدم جامعه العالم واين توجد,جامعه القرويين اليمن,0
3,اقدم جامعه العالم واين توجد,جامعه الشام سوريا,0
3,اقدم جامعه العالم واين توجد,جامعه البعث سوريا,0
3,اقدم جامعه العالم واين توجد,جامعه عبد المالك السعدي المغرب,0
3,اقدم جامعه العالم واين توجد,جامعه الحمامات تونس,0
3,اقدم جامعه العالم واين توجد,جامعه مولاي اسماعيل المغرب,0
3,اقدم جامعه العالم واين توجد,جامعه السلطان مولاي سليمان المغرب,0
3,اقدم جامعه العالم واين توجد,جامعه محمد الخامس المغرب,0
3,اقدم جامعه العالم واين توجد,جامعه الحسن الثاني المغرب,0
3,اقدم جامعه العالم واين توجد,جامعه ابن طفيل المغرب,0
3,اقدم جامعه العالم واين توجد,جامعه السلام المغرب,0
3,اقدم جامعه العالم واين توجد,اقدم جامعه العالم تقع جنوب افريقيا,0
3,اقدم جامعه العالم واين توجد,الجامعه الاولي التاريخ تقع تركيا,0
3,اقدم جامعه العالم واين توجد,اقدم جامعه العالم تقع ايران,0
3,اقدم جامعه العالم واين توجد,امريكا الجنوبيه,0
3,اقدم جامعه العالم واين توجد,العراق,0
3,اقدم جامعه العالم واين توجد,اوزبكستان,0
3,اقدم جامعه العالم واين توجد,تركيا,0
3,اقدم جامعه العالم واين توجد,روسيا,0
4,اللغه الاكثر انتشارا بلاد المغرب,اللغه العربيه اللغه الاكثر انتشارا بلاد المغرب,1
4,اللغه الاكثر انتشارا بلاد المغرب,بلاد المغرب اللغه العربيه واللغه الامازيغيه اللغتان الاكثر انتشارا,2
4,اللغه الاكثر انتشارا بلاد المغرب,اكثر اللغات انتشارا المغرب اللغه العربيه واللغه الامازيغيه,2
4,اللغه الاكثر انتشارا بلاد المغرب,اللغه الاكثر شيوعا المغرب العربيه والامازيغيه,2
4,اللغه الاكثر انتشارا بلاد المغرب,اللغه العربيه واللغه الامازيغيه اللغتان الرءيسيتان,2
4,اللغه الاكثر انتشارا بلاد المغرب,يتحدث معظم سكان المغرب اللغه العربيه واللغه الامازيغيه,2
4,اللغه الاكثر انتشارا بلاد المغرب,اللغه العربيه واللغه الامازيغيه اللغتان الاكثر استخداما المغرب,2
4,اللغه الاكثر انتشارا بلاد المغرب,تعتبر اللغه العربيه واللغه الامازيغيه الاكثر انتشارا بلاد المغرب,2
4,اللغه الاكثر انتشارا بلاد المغرب,اللغتان الاكثر انتشارا المغرب العربيه والامازيغيه,2
4,اللغه الاكثر انتشارا بلاد المغرب,العربيه والامازيغيه اللغتان الرءيسيتان بلاد المغرب,2
4,اللغه الاكثر انتشارا بلاد المغرب,اللغه الاكثر انتشارا المغرب اللغه العربيه واللغه الامازيغيه,2
4,اللغه الاكثر انتشارا بلاد المغرب,يتحدث المغرب بشكل رءيسي اللغه العربيه واللغه الامازيغيه,2
4,اللغه الاكثر انتشارا بلاد المغرب,العربيه والامازيغيه اللغتان الاكثر شيوعا بلاد المغرب,2
4,اللغه الاكثر انتشارا بلاد المغرب,اللغه العربيه واللغه الامازيغيه اللغتان الرءيسيه,2
4,اللغه الاكثر انتشارا بلاد المغرب,العربيه والامازيغيه اللغتان الرءيسيتان بلاد المغرب,2
4,اللغه الاكثر انتشارا بلاد المغرب,تعتبر اللغه العربيه واللغه الامازيغيه الاكثر انتشارا واستخداما المغرب,2
4,اللغه الاكثر انتشارا بلاد المغرب,بلاد المغرب اللغه العربيه واللغه الامازيغيه اللغتان الاكثر انتشارا واستخداما,2
4,اللغه الاكثر انتشارا بلاد المغرب,اللغه العربيه واللغه الامازيغيه اللغتان الاساسيتان المغرب,2
4,اللغه الاكثر انتشارا بلاد المغرب,يستخدم العربيه والامازيغيه بشكل واسع المغرب,2
4,اللغه الاكثر انتشارا بلاد المغرب,العربيه والامازيغيه اللغتان الاكثر استخداما السكان المغاربه,2
4,اللغه الاكثر انتشارا بلاد المغرب,اللغه العربيه واللغه الامازيغيه اللغتان المنتشرتان بشكل واسع المغرب,2
4,اللغه الاكثر انتشارا بلاد المغرب,المغرب اللغه العربيه واللغه الامازيغيه اللغتان الاكثر تحدثا,2
4,اللغه الاكثر انتشارا بلاد المغرب,يتحدث المغرب بشكل رءيسي اللغه العربيه واللغه الامازيغيه,2
4,اللغه الاكثر انتشارا بلاد المغرب,اللغه العربيه واللغه الامازيغيه اللغتان الساءدتان المغرب,2
4,اللغه الاكثر انتشارا بلاد المغرب,اللغه العربيه واللغه الامازيغيه اللغتان الاكثر انتشارا واستخداما الشعب المغربي,2
4,اللغه الاكثر انتشارا بلاد المغرب,اللغه العربيه واللغه الامازيغيه اللغتان الرءيسيتان التواصل المغرب,2
4,اللغه الاكثر انتشارا بلاد المغرب,يعبر معظم سكان المغرب باللغه العربيه واللغه الامازيغيه,2
4,اللغه الاكثر انتشارا بلاد المغرب,اللغه العربيه واللغه الامازيغيه اللغتان الاكثر استخداما الشعب المغربي,2
4,اللغه الاكثر انتشارا بلاد المغرب,اللغه العربيه واللغه الامازيغيه تتصدران قاءمه اللغات الاكثر انتشارا,2
4,اللغه الاكثر انتشارا بلاد المغرب,اللغه العربيه واللغه الامازيغيه,2
4,اللغه الاكثر انتشارا بلاد المغرب,العربيه الامازيغيه,2
4,اللغه الاكثر انتشارا بلاد المغرب,اللغه العربيه الامازيغيه,2
4,اللغه الاكثر انتشارا بلاد المغرب,العربيه واللغه الامازيغيه,2
4,اللغه الاكثر انتشارا بلاد المغرب,العربيه والامازيغيه اللغتان الرسميتان,2
4,اللغه الاكثر انتشارا بلاد المغرب,يتحدث معظم سكان المغرب باللغه العربيه واللغه الامازيغيه,2
4,اللغه الاكثر انتشارا بلاد المغرب,يستخدم الناس بشكل رءيسي اللغه العربيه واللغه الامازيغيه,2
4,اللغه الاكثر انتشارا بلاد المغرب,اللغه العربيه واللغه الامازيغيه اللغتان الاكثر انتشارا,2
4,اللغه الاكثر انتشارا بلاد المغرب,المغرب العربيه والامازيغيه اللغتان الاكثر استخداما,2
4,اللغه الاكثر انتشارا بلاد المغرب,اللغه العربيه واللغه الامازيغيه اللغتان الاكثر تحدثا المغرب,2
4,اللغه الاكثر انتشارا بلاد المغرب,اللغه العربيه اللغه الاكثر انتشارا,1
4,اللغه الاكثر انتشارا بلاد المغرب,العربيه اللغه الاساسيه,1
4,اللغه الاكثر انتشارا بلاد المغرب,اللغه العربيه تحظي باكبر انتشار المغرب,1
4,اللغه الاكثر انتشارا بلاد المغرب,اللغه العربيه اللغه الاكثر استخداما بلاد المغرب,1
4,اللغه الاكثر انتشارا بلاد المغرب,يعتبر العربيه اللغه الرءيسيه والاكثر شيوعا المغرب,1
4,اللغه الاكثر انتشارا بلاد المغرب,العربيه اللغه الاساسيه,1
4,اللغه الاكثر انتشارا بلاد المغرب,اللغه العربيه,1
4,اللغه الاكثر انتشارا بلاد المغرب,العربيه,1
4,اللغه الاكثر انتشارا بلاد المغرب,اللغه العربيه اللغه الاكثر شيوعا,1
4,اللغه الاكثر انتشارا بلاد المغرب,اللغه العربيه اللغه الاساسيه,1
4,اللغه الاكثر انتشارا بلاد المغرب,يتحدث معظم سكان المغرب بالعربيه,1
4,اللغه الاكثر انتشارا بلاد المغرب,العربيه اللغه الاكثر استعمالا,1
4,اللغه الاكثر انتشارا بلاد المغرب,يتحدث معظم السكان المغرب باللغه العربيه,1
4,اللغه الاكثر انتشارا بلاد المغرب,اللغه العربيه اللغه الاساسيه,1
4,اللغه الاكثر انتشارا بلاد المغرب,العربيه اللغه الاكثر تداولا,1
4,اللغه الاكثر انتشارا بلاد المغرب,العربيه اللغه الرءيسيه,1
4,اللغه الاكثر انتشارا بلاد المغرب,العربيه اللغه الابرز المغرب,1
4,اللغه الاكثر انتشارا بلاد المغرب,العربيه اللغه الاكثر شيوعا المغرب,1
4,اللغه الاكثر انتشارا بلاد المغرب,العربيه اللغه الاكثر شعبيه,1
4,اللغه الاكثر انتشارا بلاد المغرب,يعتبر العربيه اللغه الرءيسيه يتحدث المغرب,1
4,اللغه الاكثر انتشارا بلاد المغرب,العربيه اللغه المعترف,1
4,اللغه الاكثر انتشارا بلاد المغرب,بلاد المغرب اللغه الامازيغيه اللغه الاكثر انتشارا,1
4,اللغه الاكثر انتشارا بلاد المغرب,الامازيغيه اللغه الاساسيه,1
4,اللغه الاكثر انتشارا بلاد المغرب,اللغه الامازيغيه تحظي باكبر انتشار المغرب,1
4,اللغه الاكثر انتشارا بلاد المغرب,اللغه الامازيغيه اللغه الاكثر استخداما بلاد المغرب,1
4,اللغه الاكثر انتشارا بلاد المغرب,يعتبر الامازيغيه اللغه الرءيسيه والاكثر شيوعا المغرب,1
4,اللغه الاكثر انتشارا بلاد المغرب,يستخدم الامازيغيه بشكل واسع وشاءع المغرب,1
4,اللغه الاكثر انتشارا بلاد المغرب,اللغه الامازيغيه,1
4,اللغه الاكثر انتشارا بلاد المغرب,الامازيغيه,1
4,اللغه الاكثر انتشارا بلاد المغرب,الامازيغيه اللغه الابرز انتشارا بلاد المغرب,1
4,اللغه الاكثر انتشارا بلاد المغرب,الامازيغيه اللغه الرسميه,1
4,اللغه الاكثر انتشارا بلاد المغرب,اللغه الامازيغيه اللغه الاكثر شيوعا بلاد المغرب,1
4,اللغه الاكثر انتشارا بلاد المغرب,المغرب الامازيغيه اللغه الابرز,1
4,اللغه الاكثر انتشارا بلاد المغرب,الامازيغيه اللغه الاكثر شعبيه وانتشارا سكان المغرب,1
4,اللغه الاكثر انتشارا بلاد المغرب,الامازيغيه اللغه المشتركه يستخدمها الجميع,1
4,اللغه الاكثر انتشارا بلاد المغرب,اللغه الامازيغيه,1
4,اللغه الاكثر انتشارا بلاد المغرب,الامازيغيه اللغه الاولي والاكثر انتشارا المغرب,1
4,اللغه الاكثر انتشارا بلاد المغرب,الامازيغيه اللغه الرسميه,1
4,اللغه الاكثر انتشارا بلاد المغرب,الامازيغيه الرسميه,1
4,اللغه الاكثر انتشارا بلاد المغرب,اللغه الامازيغيه الرسميه,1
4,اللغه الاكثر انتشارا بلاد المغرب,اللغه الفرنسيه,0
4,اللغه الاكثر انتشارا بلاد المغرب,اللغه الاسبانيه اللغه الاكثر شيوعا بلاد المغرب,0
4,اللغه الاكثر انتشارا بلاد المغرب,الالمانيه اللغه الاولي والاكثر انتشارا المغرب,0
4,اللغه الاكثر انتشارا بلاد المغرب,الهولنديه اللغه الرسميه,0
4,اللغه الاكثر انتشارا بلاد المغرب,اللغه التركيه اللغه الاكثر شيوعا بلاد المغرب,0
4,اللغه الاكثر انتشارا بلاد المغرب,يستخدم الفرنسيه بشكل واسع وشاءع المغرب,0
4,اللغه الاكثر انتشارا بلاد المغرب,اللغه الانجليزيه اللغه الاساسيه,0
4,اللغه الاكثر انتشارا بلاد المغرب,اللغه الكرواتيه الرسميه,0
4,اللغه الاكثر انتشارا بلاد المغرب,الاسبانيه اللغه الاكثر شيوعا المغرب,0
4,اللغه الاكثر انتشارا بلاد المغرب,الايطاليه اللغه الاكثر شعبيه,0
4,اللغه الاكثر انتشارا بلاد المغرب,اليابانيه اللغه الاكثر تداولا,0
4,اللغه الاكثر انتشارا بلاد المغرب,اللغه السويديه,0
4,اللغه الاكثر انتشارا بلاد المغرب,اللغه الفرنسيه,0
4,اللغه الاكثر انتشارا بلاد المغرب,اللغه الانجليزيه,0
4,اللغه الاكثر انتشارا بلاد المغرب,اللغه الاسبانيه,0
4,اللغه الاكثر انتشارا بلاد المغرب,اللغه الصينيه,0
4,اللغه الاكثر انتشارا بلاد المغرب,اللغه الالمانيه,0
4,اللغه الاكثر انتشارا بلاد المغرب,اللغه الكوريه,0
4,اللغه الاكثر انتشارا بلاد المغرب,اللغه الايطاليه,0
4,اللغه الاكثر انتشارا بلاد المغرب,اللغه الانجليزيه الامريكيه,0
4,اللغه الاكثر انتشارا بلاد المغرب,اللغه البرتغاليه,0
4,اللغه الاكثر انتشارا بلاد المغرب,اللغه الاكثر انتشارا بلاد المغرب سوريه,0
4,اللغه الاكثر انتشارا بلاد المغرب,سوريه,0
4,اللغه الاكثر انتشارا بلاد المغرب,اللغه الايطاليه اللغه الاكثر انتشارا بلاد المغرب,0
4,اللغه الاكثر انتشارا بلاد المغرب,اللغه الفرنسيه اللغه الاكثر انتشارا بلاد المغرب,0
4,اللغه الاكثر انتشارا بلاد المغرب,اللغه الاسبانيه اللغه الاكثر انتشارا بلاد المغرب,0
4,اللغه الاكثر انتشارا بلاد المغرب,اللغه البرتغاليه اللغه الاكثر انتشارا بلاد المغرب,0
4,اللغه الاكثر انتشارا بلاد المغرب,اللغه اليابانيه اللغه الاكثر انتشارا بلاد المغرب,0
4,اللغه الاكثر انتشارا بلاد المغرب,اللغه الكوريه اللغه الاكثر انتشارا بلاد المغرب,0
4,اللغه الاكثر انتشارا بلاد المغرب,اللغه الكوريه اللغه الاكثر انتشارا,0
4,اللغه الاكثر انتشارا بلاد المغرب,اللغه الكوريه اللغه الاكثر انتشارا,0
4,اللغه الاكثر انتشارا بلاد المغرب,الامازيغيه والسويديه,0
4,اللغه الاكثر انتشارا بلاد المغرب,اللغه الانجليزيه الامريكيه,0
4,اللغه الاكثر انتشارا بلاد المغرب,الاسبانيه,0
4,اللغه الاكثر انتشارا بلاد المغرب,الايطاليه,0
4,اللغه الاكثر انتشارا بلاد المغرب,المغرب الانجليزيه اللغه الابرز,0
4,اللغه الاكثر انتشارا بلاد المغرب,اكثر اللغات انتشارا المغرب اللغه العربيه واللغه الفرنسيه,0
4,اللغه الاكثر انتشارا بلاد المغرب,اكثر اللغات انتشارا المغرب اللغه العربيه واللغه الاسبانيه,0
4,اللغه الاكثر انتشارا بلاد المغرب,العربيه الفرنسيه,0
4,اللغه الاكثر انتشارا بلاد المغرب,اللغه العربيه الفرنسيه,0
